2	Default Category	104368	308939	26190
14	Grocery & Gourmet Food	18482	65343	5551
3	Beauty & Personal Care	22494	62947	5325
5	Clothing, Shoes & Jewelry	21539	55579	4697
11	Electronics	15005	47620	4047
6	Home & Kitchen	17786	45430	3853
27	Women	10041	25715	2162
26	Men	7889	23816	1953
34	Furniture	10869	21831	1897
74	Pantry Staples	5032	19355	1666
75	Snacks & Sweets	5086	18098	1530
19	Hair Care	5065	15569	1339
143	Clothing	5388	13366	1136
261	Snack Foods	3681	12480	1064
12	Cell Phones & Accessories	2510	12318	1016
16	Skin Care	3172	12261	957
56	Computers & Accessories	3022	12044	996
144	Shoes	4136	11490	959
142	Clothing	4704	11339	945
78	Beverages	2590	10875	915
55	Camera & Photo	3623	10620	928
145	Shoes	2603	9550	783
57	Accessories	1973	9066	747
38	Home Décor Products	3099	9043	751
264	Cooking & Baking	2666	8331	737
20	Tools & Accessories	3555	8279	733
8	Tools & Home Improvement	2805	8119	728
53	Accessories & Supplies	2490	8114	694
40	Lighting & Ceiling Fans	2609	7365	667
17	Makeup	1948	7164	586
194	Audio & Video Accessories	2265	6940	598
266	Bottled Beverages, Water & Drink Mixes	1619	6187	535
154	Living Room Furniture	3255	6135	548
15	Oral Care	3231	5579	458
35	Bedding	1511	5526	494
21	Fragrance	1359	5303	452
147	Clothing	3240	5288	514
28	Novelty & More	3240	5288	514
101	Face	1194	4858	382
73	Breads & Bakery	1396	4753	419
199	Computer Accessories & Peripherals	917	4662	369
161	Home Office Furniture	1959	4598	383
167	Bedroom Furniture	2323	4364	374
280	Coffee, Tea & Cocoa	900	4323	356
22	Personal Care	1892	4208	383
110	Shampoo & Conditioner	896	4174	355
128	Body	783	4098	314
95	Women's	983	4045	349
13	Video Games	957	3785	330
260	Herbs, Spices & Seasonings	727	3642	291
263	Chocolate	810	3229	263
160	Lamps & Shades	1033	3195	284
214	Maintenance, Upkeep & Repairs	519	3167	250
9	Health & Household	560	3026	246
36	Storage & Organization	810	2959	219
62	Portable Audio & Video	854	2949	248
60	Headphones	650	2948	246
259	Cookies	943	2899	274
65	Car & Vehicle Electronics	653	2877	241
92	Bags & Cases	1369	2859	264
76	Dairy, Cheese & Eggs	751	2716	237
211	Accessories	747	2715	243
66	Cases, Holsters & Sleeves	469	2702	228
127	Hair Accessories	811	2675	225
51	Home Audio	1331	2655	223
268	Canned, Jarred & Packaged Foods	626	2563	231
39	Kitchen & Dining	682	2521	198
96	Makeup Brushes & Tools	1031	2460	212
269	Candy & Chocolate	591	2375	202
169	Wall Lights	930	2272	199
146	Uniforms, Work & Safety	433	2263	171
221	Car Electronics	538	2245	191
170	Decorative Pillows, Inserts & Covers	608	2229	199
102	Eyes	533	2133	167
97	Bath & Bathing Accessories	1120	2111	203
72	Food & Beverage Gifts	1123	2091	184
162	Window Treatments	721	2071	156
82	Frozen	542	2065	164
176	Candles & Holders	554	2055	177
45	Wall Art	527	2050	188
23	Shave & Hair Removal	828	2034	181
7	Office Products	995	2008	174
54	Television & Video	1110	1993	177
180	Posters & Prints	498	1989	180
18	Foot, Hand & Nail Care	819	1980	176
165	Blankets & Throws	625	1901	185
225	Basic Cases	358	1885	161
231	Laptop Accessories	330	1874	157
117	Face	385	1858	145
222	Earbud Headphones	433	1834	155
219	Portable Speakers & Docks	546	1825	158
218	Computers & Tablets	854	1804	152
107	Lips	468	1759	149
115	Styling Products	366	1743	154
42	Household Supplies	289	1723	136
157	Accent Furniture	836	1711	147
235	Smartwatch Accessories	308	1710	137
77	Breakfast Foods	401	1698	141
171	Ceiling Lights	589	1657	163
10	Patio, Lawn & Garden	328	1621	129
166	Game & Recreation Room Furniture	614	1577	152
204	Chargers & Power Adapters	280	1571	133
125	Deodorants & Antiperspirants	397	1544	130
106	Mirrors	645	1451	128
158	Home Décor Accents	612	1440	122
178	Dining Room Furniture	511	1413	123
274	Sauces, Gravies & Marinades	281	1405	120
198	Lighting & Studio	484	1387	113
216	Digital Cameras	462	1340	111
108	Hair Extensions, Wigs & Accessories	687	1312	117
103	Hair Coloring Products	510	1248	114
120	Eyes	257	1241	94
119	Toothpaste	579	1237	104
209	Video Surveillance	390	1223	112
79	Produce	422	1202	87
175	Storage & Organization	260	1201	96
44	Gardening & Lawn Care	171	1174	84
99	Men's	448	1164	98
122	Men's	276	1158	93
4	Sports & Outdoors	907	1143	94
197	Tripods & Monopods	395	1133	92
63	Security & Surveillance	257	1096	91
109	Lip Care	386	1083	90
265	Cereals	290	1081	97
203	Speakers	501	1080	90
37	Office Electronics	509	1071	94
61	Legacy Systems	304	1067	101
262	Cheese	360	1045	100
123	Styling Tools & Appliances	383	1023	99
100	Dental Floss & Picks	454	1002	81
283	Soups, Stocks & Broths	169	984	79
174	Household Batteries	178	966	80
184	Rugs, Pads & Protectors	122	935	64
202	Tablet Accessories	159	931	78
190	Clothing & Closet Storage	197	929	65
181	Printers & Accessories	346	910	78
168	Artificial Plants & Flowers	273	909	84
243	Automobile Accessories	158	901	74
246	Lenses	145	887	71
91	Hair Loss Products	311	883	59
238	Computer Components	255	881	77
132	Women's	369	833	79
59	PC	183	829	67
228	Data Storage	209	829	77
182	Mirrors	563	825	76
94	Hair Cutting Tools	536	815	74
281	Dried Fruits & Vegetables	298	803	50
210	Over-Ear Headphones	152	799	62
67	PlayStation 4	241	769	75
201	Networking Products	240	759	58
81	Deli & Prepared Foods	150	748	55
84	Meat & Seafood	282	748	68
124	Skin Care Tools	229	738	63
98	Nail Art & Polish	292	733	71
172	Entryway Furniture	598	733	65
236	Accessories	236	715	70
90	Tools & Accessories	371	713	65
48	Bath	162	708	54
207	Accessories	127	703	56
58	Xbox One	160	701	59
46	Office Furniture & Lighting	382	682	58
52	Video Projectors	497	678	59
205	Accessories	154	677	57
186	Bathroom Accessories	153	660	50
287	Jams, Jellies & Sweet Spreads	146	650	60
87	Toothbrushes & Accessories	556	629	55
275	Breads	153	613	49
93	Hair Masks	213	601	48
156	Baskets, Bins & Containers	178	596	49
297	Condiments & Salad Dressings	126	581	52
43	Heating, Cooling & Air Quality	85	578	38
24	Salon & Spa Equipment	625	570	60
25	Hunting & Fishing	164	562	45
134	Piercing & Tattoo Supplies	365	553	50
296	Ice Cream & Novelties	101	550	37
141	Shooting	153	546	43
191	Pots, Planters & Container Accessories	81	542	40
105	Refillable Containers	120	539	43
159	Dining & Entertaining	191	537	43
68	Wearable Technology	124	527	48
271	Yogurt	89	523	39
47	Health Care	89	516	39
139	Mouthwash	205	502	47
224	Surveillance Video Equipment	114	501	36
276	Pasta & Noodles	81	496	34
226	PlayStation Systems	180	492	46
163	Home Storage Hooks	241	487	48
249	Photo & Video Accessories	123	486	36
137	Foot & Hand Care	104	484	34
135	Denture Care	270	467	31
64	Power Accessories	251	466	41
89	Body	205	465	43
299	Pastries & Bakery	128	463	41
185	Kids' Furniture	233	459	40
164	Kitchen Furniture	425	459	37
244	Power Strips & Surge Protectors	84	453	33
69	GPS, Finders & Accessories	105	440	41
206	Binoculars & Scopes	306	434	44
49	Diet & Sports Nutrition	111	433	39
230	Film Photography	160	427	32
217	Accessories	92	424	38
277	Meals & Entrees	98	422	38
278	Snack Gifts	362	421	45
104	Hair Treatment Oils	120	420	32
177	Racks, Shelves & Drawers	120	413	28
131	Teeth Whitening	130	410	39
88	Sunscreens & Tanning Products	106	395	29
31	Sport Specific Clothing	270	394	36
234	Home Theater	212	389	37
155	Kids' Bedding	102	386	37
251	Television Accessories	91	386	33
227	Compact Radios & Stereos	304	378	34
152	Uniforms, Work & Safety	111	372	32
80	Alcoholic Beverages	185	372	29
237	Turntables & Accessories	196	370	28
196	Televisions	181	368	31
121	Sets & Kits	200	358	37
290	Seafood	142	355	29
111	Makeup Palettes	160	343	32
220	AC Adapters	207	330	29
136	Professional Massage Equipment	442	329	30
258	Bakery & Dessert Gifts	178	316	28
140	Makeup Remover	117	312	29
50	Patio Furniture & Accessories	96	310	31
285	Fruit & Nut Gifts	107	307	18
192	Nutrition Bars & Drinks	81	304	28
113	Orthodontic Supplies	419	299	24
240	Virtual Reality (VR) Headsets	278	292	28
252	Video	89	287	28
195	Projection Screens	394	278	21
187	Cabinets, Racks & Shelves	295	270	27
223	Underwater Photography	249	269	28
200	Bags & Cases	107	265	27
41	Office & School Supplies	104	255	22
116	Children's Dental Care	189	249	25
270	Wine	118	246	16
86	Meat Substitutes	81	224	19
138	Tongue Cleaners	131	217	13
130	Cotton Balls & Swabs	153	205	20
114	Maternity	222	202	9
83	Home Brewing & Winemaking	293	188	17
189	Kitchen & Table Linens	115	178	14
173	Desk Accessories & Workspace Organizers	83	173	17
229	Streaming Media Players	192	163	19
118	Oral Pain Relief	92	154	15
272	Winemaking Ingredients	261	118	10
150	Accessories	299	117	13
30	Fan Shop	345	101	11
282	Coffee & Tea Gifts	112	100	9
33	Sports	80	95	8
148	Clothing	245	87	10
85	Fresh Meal Kits	103	24	4
32	Sports & Outdoor Recreation Accessories	160	13	1
151	Ball Storage	145	1	0
